Symbol,Name,Last,Change,%Chg,"IV Rank","Options Vol","% Put","% Call","P/C Vol",Time
TSLA,"Tesla Inc",248.38,-3.22,-1.28%,21.86%,1752662,54.1%,45.9%,1.1794832894783,"09:09 ET"
NVDA,"Nvidia Corp",446.75,-1.07,-0.24%,11.25%,945967,48.0%,52.0%,0.92149036479122,"09:09 ET"
AAPL,"Apple Inc",172.4,-1.35,-0.78%,35.66%,623241,46.6%,53.4%,0.87421737326108,"09:09 ET"
AMZN,"Amazon.com Inc",128.4,-1.06,-0.82%,44.23%,547215,32.3%,67.7%,0.47770540676291,"09:09 ET"
AMD,"Adv Micro Devices",102.05,-1.22,-1.18%,33.29%,298776,44.5%,55.5%,0.80258101104682,"09:09 ET"
META,"Meta Platforms Inc",305.47,-1.35,-0.44%,48.44%,276893,46.4%,53.6%,0.86697547720668,"09:09 ET"
MSFT,"Microsoft Corp",319.5,-2.3,-0.71%,43.59%,250054,34.8%,65.2%,0.53475154669547,"09:09 ET"
RIVN,"Rivian Automotive Inc Cl A",23.29,-0.37,-1.56%,24.60%,225184,30.9%,69.1%,0.4461662952521,"09:09 ET"
MARA,"Marathon Digital Hldgs Inc",8.35,-0.18,-2.09%,10.29%,219700,30.0%,70.0%,0.42772661992059,"09:09 ET"
PLTR,"Palantir Technologies Inc Cl A",15.65,-0.23,-1.45%,17.29%,211116,33.1%,66.9%,0.49564305651983,"09:09 ET"
BAC,"Bank of America Corp",26.54,-0.16,-0.60%,41.11%,208176,44.8%,55.2%,0.81071419252146,"09:09 ET"
GOOGL,"Alphabet Cl A",133.3,-0.87,-0.65%,42.59%,179513,42.8%,57.2%,0.74914497851484,"09:09 ET"
NEE,"Nextera Energy",51.1,-1.05,-2.01%,95.44%,162815,60.2%,39.8%,1.5144008771794,"09:09 ET"
AMC,"Amc Entertainment Holdings",8.07,-0.08,-0.98%,8.10%,157015,31.3%,68.7%,0.45527091404527,"09:09 ET"
RIOT,"Riot Platforms Inc",9.66,-0.22,-2.23%,15.99%,137657,32.3%,67.7%,0.47787857641312,"09:09 ET"
GOOG,"Alphabet Cl C",134.31,-0.86,-0.64%,47.62%,122892,36.9%,63.1%,0.58517142636019,"09:09 ET"
BA,"Boeing Company",187.25,-0.58,-0.31%,31.07%,113431,36.0%,64.0%,0.56157160753865,"09:09 ET"
COIN,"Coinbase Global Inc Cl A",74.72,-0.59,-0.78%,17.51%,110604,31.7%,68.3%,0.46481783145933,"09:09 ET"
PFE,"Pfizer Inc",33.78,-0.16,-0.47%,65.75%,110323,23.3%,76.7%,0.30316095348343,"09:09 ET"
NIO,"Nio Inc ADR",8.53,-0.26,-2.96%,17.62%,110226,34.3%,65.7%,0.52182797183488,"09:09 ET"
NKLA,"Nikola Corp",1.36,-0.05,-3.55%,30.05%,109312,50.4%,49.6%,1.0151163219408,"09:09 ET"
XOM,"Exxon Mobil Corp",114.65,-0.98,-0.85%,28.89%,107998,33.7%,66.3%,0.50822556768986,"09:08 ET"
SQ,"Block Inc",42.66,-0.53,-1.23%,43.06%,104763,39.9%,60.1%,0.66422557585385,"09:09 ET"
NFLX,"Netflix Inc",377.5,-2.83,-0.74%,29.08%,101614,46.6%,53.4%,0.87196492391585,"09:09 ET"
CVNA,"Carvana Company Cl A",38.8,-0.45,-1.15%,13.55%,97897,39.7%,60.3%,0.65741712660414,"09:09 ET"
TGT,"Target Corp",106.27,-0.42,-0.39%,34.22%,95593,49.9%,50.1%,0.99642872060482,"09:09 ET"
DIS,"Walt Disney Company",81.05,-0.62,-0.76%,18.75%,93104,46.1%,53.9%,0.8552896399179,"09:09 ET"
DVN,"Devon Energy Corp",45.25,-0.4,-0.88%,25.60%,91176,27.7%,72.3%,0.38245997088792,"09:09 ET"
SOFI,"Sofi Technologies Inc",7.76,-0.08,-1.03%,39.58%,91171,26.4%,73.6%,0.35889524831575,"09:09 ET"
NKE,"Nike Inc",93.81,-0.75,-0.79%,11.09%,90773,63.1%,36.9%,1.7115034202587,"09:09 ET"
KDP,"Keurig Dr Pepper Inc",31.21,-0.36,-1.14%,58.78%,90505,99.3%,0.7%,134.89339339339,2023-10-02
INTC,"Intel Corp",35.03,-0.43,-1.21%,49.73%,89319,42.6%,57.4%,0.74179017160686,"09:09 ET"
CCL,"Carnival Corp",13.45,-0.19,-1.39%,7.39%,88818,31.4%,68.6%,0.45679700826663,"09:09 ET"
F,"Ford Motor Company",12.22,-0.09,-0.73%,42.31%,88211,52.9%,47.1%,1.1253102035899,"09:09 ET"
KO,"Coca-Cola Company",55.3,-0.18,-0.32%,40.40%,85007,71.0%,29.0%,2.446183159687,"09:09 ET"
BABA,"Alibaba Group Holding ADR",84.59,-1.94,-2.24%,6.92%,84157,42.3%,57.7%,0.73183932172696,"09:09 ET"
GME,"Gamestop Corp",15.29,-0.1,-0.65%,9.24%,83135,29.8%,70.2%,0.42395902916945,"09:09 ET"
CSCO,"Cisco Systems Inc",53.7,-0.69,-1.27%,16.41%,81872,14.3%,85.7%,0.16668329177057,"09:07 ET"
PLUG,"Plug Power Inc",6.74,-0.09,-1.25%,40.62%,81556,29.3%,70.7%,0.41452754266685,"09:09 ET"
SNAP,"Snap Inc",8.62,-0.12,-1.37%,56.72%,81203,12.3%,87.7%,0.1404275040728,"09:09 ET"
T,"AT&T Inc",14.68,0.01,+0.07%,58.25%,80914,30.2%,69.8%,0.43352703564595,"09:09 ET"
WFC,"Wells Fargo & Company",39.41,-0.2,-0.50%,44.37%,77852,41.0%,59.0%,0.69361294813784,"09:09 ET"
VFS,"Vinfast Auto Ltd",9.06,-0.74,-7.55%,21.78%,76976,53.9%,46.1%,1.1691934847546,"09:09 ET"
CCJ,"Cameco Corp",37.04,-0.53,-1.41%,38.16%,76389,46.3%,53.7%,0.86119435713764,"09:09 ET"
DKNG,"Draftkings Inc",28.61,-0.43,-1.48%,6.85%,73765,73.4%,26.6%,2.7579601609863,"09:08 ET"
C,"Citigroup Inc",40.16,-0.34,-0.84%,45.92%,73501,28.1%,71.9%,0.39140558447705,"09:09 ET"
PYPL,"Paypal Holdings",58,-0.56,-0.96%,37.79%,73259,37.5%,62.5%,0.59936688134483,"09:09 ET"
MU,"Micron Technology",67.17,-0.79,-1.16%,10.68%,70655,49.8%,50.2%,0.99218970281396,"09:08 ET"
OXY,"Occidental Petroleum Corp",61.99,-0.31,-0.50%,23.15%,69673,45.3%,54.7%,0.82672190031724,"09:09 ET"
VZ,"Verizon Communications Inc",31.77,0.01,+0.03%,51.56%,65001,33.7%,66.3%,0.50905418581975,"09:09 ET"
UBER,"Uber Technologies Inc",45.08,-0.6,-1.31%,31.65%,60573,39.0%,61.0%,0.6381264028991,"09:08 ET"
GM,"General Motors Company",32.14,-0.33,-1.02%,39.18%,57902,57.3%,42.7%,1.3444003563042,"09:09 ET"
VALE,"Vale S.A. ADR",13.04,-0.18,-1.36%,27.24%,56972,68.8%,31.2%,2.2100518368267,"09:09 ET"
AAL,"American Airlines Gp",12.65,-0.1,-0.78%,37.14%,56720,47.8%,52.2%,0.9158278727285,"09:09 ET"
FSR,"Fisker Inc",6.5,-0.12,-1.81%,32.98%,55735,33.3%,66.7%,0.49946193166532,"09:09 ET"
JPM,"JP Morgan Chase & Company",142.89,-0.88,-0.61%,35.55%,54953,38.1%,61.9%,0.61474494593324,"09:08 ET"
TLRY,"Tilray Brands Inc",2.23,-0.04,-1.76%,19.46%,51929,21.5%,78.5%,0.27445638835714,"09:09 ET"
TSM,"Taiwan Semiconductor ADR",86.92,-0.73,-0.83%,24.10%,51462,48.1%,51.9%,0.92813787935556,"09:09 ET"
ENPH,"Enphase Energy Inc",115.5,-1.34,-1.15%,63.24%,50860,42.0%,58.0%,0.72336676606126,"09:09 ET"
WBA,"Walgreens Boots Alliance",22.3,-0.12,-0.54%,91.24%,50236,53.7%,46.3%,1.1591094683457,"09:08 ET"
SGEN,"Seagen Inc",211.74,-0.41,-0.19%,23.56%,49581,95.3%,4.7%,20.062446898895,2023-10-02
SCHW,"The Charles Schwab Corp",53.2,-0.35,-0.65%,21.52%,49277,59.1%,40.9%,1.4456300560822,"09:09 ET"
GOLD,"Barrick Gold Corp",14.23,0,0.00%,35.84%,48599,30.2%,69.8%,0.43368340315063,"09:09 ET"
RIG,"Transocean Inc",7.8,-0.08,-1.02%,25.21%,46690,47.2%,52.8%,0.89419449064871,"09:09 ET"
CMCSA,"Comcast Corp A",44.07,-0.42,-0.94%,31.80%,46539,12.2%,87.8%,0.13907041633013,"08:51 ET"
KVUE,"Kenvue Inc",20.29,-0.03,-0.15%,39.79%,46526,13.1%,86.9%,0.15009640579424,"09:03 ET"
COP,Conocophillips,116.5,-0.6,-0.51%,31.61%,45725,33.2%,66.8%,0.49775623177962,"09:06 ET"
ZM,"Zoom Video Communications Cl A",69.3,-0.81,-1.16%,9.89%,45415,58.1%,41.9%,1.3891314640433,"09:06 ET"
LCID,"Lucid Group Inc",5.48,-0.06,-1.08%,12.05%,44714,36.2%,63.8%,0.56748229685199,"09:09 ET"
SMCI,"Super Micro Computer",287.5,-1.36,-0.47%,54.70%,44403,45.8%,54.2%,0.84382526368242,"09:09 ET"
JNJ,"Johnson & Johnson",154.38,-0.77,-0.50%,50.55%,40058,66.3%,33.7%,1.9663803317536,"09:09 ET"
PTON,"Peloton Interactive Inc",5.34,-0.05,-0.93%,36.89%,39201,26.4%,73.6%,0.35817482590167,"09:08 ET"
CVX,"Chevron Corp",165.25,-1.29,-0.77%,26.44%,39187,39.6%,60.4%,0.65492630600954,"09:08 ET"
X,"United States Steel Corp",32.48,-0.29,-0.88%,10.56%,39039,25.5%,74.5%,0.34288466169034,"09:09 ET"
RTX,"Rtx Corp",71,-0.34,-0.48%,58.85%,38487,73.6%,26.4%,2.7895825128003,"09:09 ET"
PDD,"Pdd Holdings Inc",97.33,-2.34,-2.35%,1.86%,37959,33.0%,67.0%,0.49268580416831,"09:05 ET"
ROKU,"Roku Inc",69.65,-0.85,-1.21%,34.19%,37945,45.8%,54.2%,0.84333252368229,"09:09 ET"
QCOM,"Qualcomm Inc",110.01,-1.09,-0.98%,37.72%,37625,53.8%,46.2%,1.1644710349192,"09:09 ET"
SHOP,"Shopify Inc",53.1,-0.9,-1.67%,35.93%,37079,48.3%,51.7%,0.93462381300219,"09:09 ET"
MTCH,"Match Group Inc",37.86,-0.25,-0.66%,32.81%,36993,58.0%,42.0%,1.3809615755937,"09:07 ET"
NVO,"Novo Nordisk A/S ADR",89.78,-2.02,-2.20%,42.95%,36940,52.9%,47.1%,1.1225005745806,"09:09 ET"
NVAX,"Novavax Inc",7.05,-0.04,-0.56%,54.21%,36714,49.4%,50.6%,0.9773792211989,"09:09 ET"
SNOW,"Snowflake Inc Cl A",149,-2.17,-1.44%,14.92%,36451,43.7%,56.3%,0.77671085981673,"09:09 ET"
CHPT,"Chargepoint Hldgs Inc",4.71,-0.04,-0.84%,62.31%,36084,46.5%,53.5%,0.86866908337649,"09:09 ET"
RBLX,"Roblox Corp Cl A",28.36,-0.32,-1.12%,16.55%,35772,29.2%,70.8%,0.41251727541955,"09:09 ET"
SE,"Sea Ltd ADR",43.42,-0.53,-1.21%,15.82%,35760,45.0%,55.0%,0.81735020582406,"09:06 ET"
ET,"Energy Transfer LP",13.74,-0.04,-0.29%,28.44%,35566,31.1%,68.9%,0.45096279373368,"09:09 ET"
CLF,"Cleveland-Cliffs Inc",15.46,-0.25,-1.59%,34.95%,35279,41.0%,59.0%,0.69423233924026,"09:09 ET"
MCD,"McDonald's Corp",257.26,-0.49,-0.19%,50.69%,34811,60.5%,39.5%,1.5302369530455,"09:09 ET"
AI,"C3.Ai Inc Cl A",24.33,-0.37,-1.50%,4.10%,33864,37.0%,63.0%,0.58739980312192,"09:09 ET"
MMM,"3M Company",89.66,-0.56,-0.62%,56.49%,33546,59.1%,40.9%,1.445221954953,"09:09 ET"
MRNA,"Moderna Inc",102.02,-1.29,-1.25%,29.22%,33081,63.3%,36.7%,1.7211483096159,"09:06 ET"
AFRM,"Affirm Holdings Inc Cl A",20.1,-0.35,-1.71%,13.16%,32718,47.7%,52.3%,0.91120976692564,"09:07 ET"
NEM,"Newmont Mining Corp",35.45,-0.09,-0.25%,42.57%,32334,38.0%,62.0%,0.61234666400718,"09:09 ET"
UEC,"Uranium Energy",4.78,-0.07,-1.44%,59.07%,32296,90.6%,9.4%,9.6904998344919,"09:08 ET"
JD,"Jd.com Inc ADR",28.26,-0.81,-2.79%,9.00%,31853,33.8%,66.2%,0.50947777461852,"09:09 ET"
UPST,"Upstart Holdings Inc",27.04,-0.52,-1.89%,7.36%,29990,46.8%,53.2%,0.88119432944424,"09:09 ET"
WBD,"Discovery Inc Series A",10.43,-0.08,-0.76%,41.05%,29897,44.1%,55.9%,0.78852596314908,"09:09 ET"
ONON,"On Holding Ag Cl A",25.76,-0.36,-1.38%,36.05%,29028,69.2%,30.8%,2.2448021462106,"09:02 ET"
UAL,"United Airlines Holdings Inc",41.25,-0.37,-0.89%,36.10%,28981,21.6%,78.4%,0.27630246179592,"09:09 ET"
WMT,"Walmart Inc",159.6,-0.5,-0.31%,21.30%,28901,45.4%,54.6%,0.83056751963517,"09:05 ET"
MRVL,"Marvell Technology Inc",54,-0.59,-1.08%,15.99%,28457,67.2%,32.8%,2.0516890080429,"09:03 ET"
MRK,"Merck & Company",102.53,-0.02,-0.02%,59.01%,28298,58.5%,41.5%,1.4108025217243,"09:04 ET"
COST,"Costco Wholesale",571.3,-0.01,0.00%,21.77%,28296,42.2%,57.8%,0.72905591200733,"09:09 ET"
ARM,"Arm Holdings Plc Ard",51.88,-0.38,-0.73%,38.35%,28113,38.7%,61.3%,0.63087365123564,"09:09 ET"
CHWY,"Chewy Inc",18.4,-0.19,-1.02%,24.60%,28018,33.5%,66.5%,0.50432214765101,"09:07 ET"
CGC,"Canopy Growth Corp",0.722,-0.015,-2.04%,54.45%,27917,17.2%,82.8%,0.20779614086701,"09:09 ET"
LUV,"Southwest Airlines Company",27.15,-0.04,-0.15%,55.02%,27784,51.8%,48.2%,1.0728140853477,"09:09 ET"
FCX,"Freeport-Mcmoran Inc",36.04,-0.6,-1.64%,28.91%,27260,47.2%,52.8%,0.8948978173224,"09:09 ET"
PBR,"Petroleo Brasileiro S.A. Petrobras ADR",14.6,-0.08,-0.54%,6.79%,27097,42.3%,57.7%,0.7344300070409,"09:09 ET"
ORCL,"Oracle Corp",105.85,-0.86,-0.81%,21.42%,26893,40.9%,59.1%,0.69095824949698,"09:08 ET"
GS,"Goldman Sachs Group",316.5,-2,-0.63%,37.88%,26861,57.8%,42.2%,1.3672336300344,"09:08 ET"
LLY,"Eli Lilly and Company",537,-1.29,-0.24%,68.91%,26624,49.8%,50.2%,0.99147281023263,"09:07 ET"
XPEV,"Xpeng Inc ADR",17.53,-0.6,-3.31%,9.18%,26058,55.6%,44.4%,1.2506477802729,"09:09 ET"
SNDX,"Syndax Pharma",13.31,-0.19,-1.41%,29.12%,25834,56.8%,43.2%,1.3134234798961,"08:56 ET"
TSEM,"Tower Semiconductor",24.28,-0.14,-0.58%,29.19%,25727,99.7%,0.3%,342.02666666667,"08:00 ET"
SBUX,"Starbucks Corp",90.62,-0.51,-0.56%,46.96%,25717,54.7%,45.3%,1.2063315030885,"09:09 ET"
MS,"Morgan Stanley",79.71,-0.7,-0.87%,43.76%,25251,53.2%,46.8%,1.1370176032498,"09:03 ET"
SIRI,"Sirius XM Holdings",4.3,-0.01,-0.23%,30.11%,25250,33.5%,66.5%,0.50297619047619,"08:52 ET"
PANW,"Palo Alto Networks Inc",234.68,-2.09,-0.88%,24.08%,25058,54.9%,45.1%,1.2177183821577,"09:06 ET"
ADBE,"Adobe Systems Inc",515,-6.13,-1.18%,20.90%,24972,49.1%,50.9%,0.96583484216327,"09:08 ET"
AGNC,"Agnc Investment Corp",9.07,-0.04,-0.44%,27.85%,24303,50.6%,49.4%,1.0260942059191,"09:09 ET"
PARA,"Paramount Global Cl B",12.44,-0.15,-1.19%,34.67%,23756,31.4%,68.6%,0.45804946909716,"09:08 ET"
PINS,"Pinterest Inc",26.87,-0.17,-0.63%,24.54%,23686,40.2%,59.8%,0.67321277196948,"09:06 ET"
KMI,"Kinder Morgan",16.09,-0.07,-0.43%,49.07%,23575,36.5%,63.5%,0.57523720432981,"09:09 ET"
NEP,"Nextera Energy Partners LP",24.73,-0.01,-0.04%,100.00%,23417,49.1%,50.9%,0.9655027698506,"09:09 ET"
NU,"Nu Holdings Ltd Cl A",6.97,-0.08,-1.13%,12.14%,22978,76.4%,23.6%,3.2285609127714,"09:09 ET"
KSS,"Kohl's Corp",20.53,-0.08,-0.39%,28.07%,22688,19.7%,80.3%,0.24590884129599,"09:05 ET"
AMAT,"Applied Materials",138.46,-1.05,-0.75%,28.21%,22586,67.9%,32.1%,2.1153103448276,"09:08 ET"
MPW,"Medical Properties Trust",5.18,-0.05,-0.96%,73.73%,22265,61.9%,38.1%,1.6231149858624,"09:09 ET"
GRAB,"Grab Holdings Ltd Cl A",3.45,-0.03,-0.86%,13.32%,21502,0.7%,99.3%,0.0068836338094123,"09:06 ET"
EW,"Edwards Lifesciences Corp",69.18,-0.1,-0.14%,55.43%,21126,11.9%,88.1%,0.13525713364501,2023-10-02
BMY,"Bristol-Myers Squibb Company",57.6,-0.25,-0.43%,41.72%,20887,26.7%,73.3%,0.36480658651333,"09:09 ET"
RUN,"Sunrun Inc",11.02,-0.22,-1.96%,62.94%,20846,40.8%,59.2%,0.68834534704787,"09:09 ET"
MO,"Altria Group",41.47,-0.11,-0.26%,41.52%,20422,44.3%,55.7%,0.79376372419851,"09:09 ET"
CRWD,"Crowdstrike Holdings Inc",167.5,-2.04,-1.20%,11.46%,19741,43.5%,56.5%,0.76843142524411,"09:09 ET"
ZS,"Zscaler Inc",159,-1.89,-1.17%,14.69%,19697,44.2%,55.8%,0.79112485223243,"09:07 ET"
BB,"Blackberry Ltd",4.37,-0.03,-0.68%,35.60%,19343,38.9%,61.1%,0.6359100135318,"09:03 ET"
SPCE,"Virgin Galactic Holdings Inc",1.71,-0.06,-3.39%,38.94%,19314,35.5%,64.5%,0.54945848375451,"09:09 ET"
BYND,"Beyond Meat Inc",9.1,-0.14,-1.52%,19.09%,19284,38.9%,61.1%,0.63603970475948,"09:05 ET"
PTEN,"Patterson-Uti Energy",13.06,-0.78,-5.64%,32.12%,19020,97.7%,2.3%,42.325740318907,2023-10-02
RILY,"B. Riley Financl",38.19,-2.8,-6.83%,40.61%,18955,98.7%,1.3%,73.333333333333,2023-10-02
APA,"Apa Corp",39.37,-0.16,-0.40%,26.97%,18947,56.7%,43.3%,1.3106097560976,"08:58 ET"
CRM,"Salesforce Inc",202,-1.71,-0.84%,17.59%,18849,37.9%,62.1%,0.60964987190436,"09:09 ET"
PCG,"Pacific Gas & Electric Company",15.05,-0.17,-1.12%,39.21%,18835,68.1%,31.9%,2.1375978677328,"09:09 ET"
SPWR,"Sunpower Corp",5.37,-0.25,-4.45%,80.83%,18626,65.0%,35.0%,1.8536846943466,"09:09 ET"
TDOC,"Teladoc Health Inc",18.18,-0.25,-1.36%,40.89%,18619,45.7%,54.3%,0.84036769793417,"09:09 ET"
MSTR,"Microstrategy Cl A",325,-4.49,-1.36%,6.72%,18548,48.2%,51.8%,0.93147974591274,"09:09 ET"
GRPN,"Groupon Cl A",15.63,-0.12,-0.76%,67.98%,18359,7.6%,92.4%,0.082552037266348,"09:08 ET"
ABNB,"Airbnb Inc Cl A",132.8,-3.76,-2.75%,23.66%,18321,54.7%,45.3%,1.2060204695966,"09:09 ET"
SPHR,"Sphere Entertainment CO",41.37,0.08,+0.19%,100.00%,18010,25.8%,74.2%,0.34775125346105,"09:07 ET"
DAL,"Delta Air Lines Inc",36.14,-0.31,-0.85%,35.88%,18004,36.3%,63.7%,0.57020757020757,"09:08 ET"
ETSY,"Etsy Inc",64.5,-0.15,-0.23%,47.73%,17984,68.5%,31.5%,2.1762628046627,"09:04 ET"
DG,"Dollar General Corp",103,-0.78,-0.75%,61.86%,17939,28.9%,71.1%,0.40587774294671,"09:05 ET"
SLB,"Schlumberger N.V.",57.6,-0.34,-0.59%,37.11%,17874,69.5%,30.5%,2.2790313703908,"09:05 ET"
NLY,"Annaly Capital Management Inc",18.22,-0.1,-0.54%,15.52%,17630,22.5%,77.5%,0.28949678174371,"09:09 ET"
AVGO,"Broadcom Ltd",834,-0.95,-0.11%,27.40%,17439,57.3%,42.7%,1.3439516129032,"09:09 ET"
IBM,"International Business Machines",140.3,-0.5,-0.36%,45.07%,17230,25.5%,74.5%,0.34190031152648,"09:09 ET"
PAAS,"Pan Amer Silver Corp",13.93,0.23,+1.68%,50.06%,17212,65.8%,34.2%,1.9257181710012,"09:09 ET"
ATVI,"Activision Blizzard",93.85,-0.09,-0.10%,7.34%,17190,65.9%,34.1%,1.9319461026778,"09:07 ET"
UPS,"United Parcel Service",155,-0.08,-0.05%,44.18%,17062,76.5%,23.5%,3.2623032725456,"09:09 ET"
M,"Macy's Inc",11.43,-0.12,-1.04%,20.75%,16985,34.2%,65.8%,0.51963854343742,"09:07 ET"
VST,"Vistra Energy Corp",32.53,0,0.00%,39.42%,16947,34.5%,65.5%,0.52648171500631,"09:00 ET"
HD,"Home Depot",297.91,-1.92,-0.64%,21.52%,16555,52.8%,47.2%,1.1170076726343,"09:08 ET"
MRO,"Marathon Oil Corp",25.4,-0.19,-0.74%,31.05%,16289,40.3%,59.7%,0.67582304526749,"09:09 ET"
PEP,"Pepsico Inc",169,-0.17,-0.10%,46.09%,16122,58.6%,41.4%,1.4160047954443,"09:09 ET"
UNH,"Unitedhealth Group Inc",514.99,0.42,+0.08%,41.43%,15980,49.5%,50.5%,0.97870232788509,"09:07 ET"
SDC,"Smiledirectclub Inc",0.1339,-0.0272,-16.88%,33.13%,15878,15.7%,84.3%,0.18678526048285,"09:09 ET"
PENN,"Penn Entertainment Inc",22.35,-0.19,-0.84%,45.60%,15871,21.7%,78.3%,0.2770357257805,"09:09 ET"
V,"Visa Inc",230.58,-0.69,-0.30%,33.46%,15791,52.9%,47.1%,1.1224462365591,"09:09 ET"
DLTR,"Dollar Tree Inc",103.92,-0.74,-0.71%,24.47%,15763,82.0%,18.0%,4.5483984512496,"09:09 ET"
BRK.B,"Berkshire Hathaway Cl B",346.5,-1.58,-0.45%,24.12%,15696,33.5%,66.5%,0.50474547023296,"09:09 ET"
FUBO,"Fubotv Inc",2.57,-0.06,-2.28%,10.51%,15677,19.9%,80.1%,0.24876533375816,"09:09 ET"
DELL,"Dell Technologies Inc",67.7,0,0.00%,39.37%,15299,29.1%,70.9%,0.40991613676159,"09:04 ET"
EXPI,"Exp Realty International",15.7,-0.54,-3.33%,22.59%,15264,99.4%,0.6%,166.73626373626,2023-10-02
DDOG,"Datadog Inc Cl A",90.55,-1.29,-1.40%,34.65%,15161,57.4%,42.6%,1.3479944246554,"09:08 ET"
EBAY,"Ebay Inc",43.25,-0.3,-0.69%,46.50%,15122,58.2%,41.8%,1.3949952486538,"09:08 ET"
U,"Unity Software Inc",30.16,-0.38,-1.24%,20.44%,15077,40.8%,59.2%,0.68892125014002,"09:08 ET"
AA,"Alcoa Corp",28.34,-0.5,-1.73%,41.05%,14763,53.3%,46.7%,1.1414273281114,"09:08 ET"
LULU,"Lululemon Athletica",380,-2.86,-0.75%,24.06%,14753,39.9%,60.1%,0.66380963121687,"09:07 ET"
EBIX,"Ebix Inc",8.55,-0.17,-1.95%,55.41%,14619,80.7%,19.3%,4.1803685329554,"08:51 ET"
INFY,"Infosys Ltd ADR",17.18,0.07,+0.41%,57.11%,14269,64.7%,35.3%,1.8300277667592,2023-10-02
GE,"General Electric Company",108,-0.79,-0.73%,44.17%,14145,54.1%,45.9%,1.178499922994,"08:58 ET"
USB,"U.S. Bancorp",31.77,-0.37,-1.15%,29.00%,14064,51.0%,49.0%,1.0388518411134,"09:08 ET"
HAL,"Halliburton Company",39.6,-0.17,-0.43%,34.64%,13921,55.0%,45.0%,1.2230916640051,"09:07 ET"
BUD,"Anheuser-Busch Inbev S.A. ADR",53.01,-0.41,-0.77%,40.97%,13855,63.8%,36.2%,1.7616105242177,"09:09 ET"
BCRX,"Biocryst Pharma Inc",6.77,-0.31,-4.38%,40.30%,13684,95.1%,4.9%,19.393442622951,2023-10-02
CAT,"Caterpillar Inc",270,-1.72,-0.63%,56.02%,13623,63.6%,36.4%,1.7476805163372,"09:08 ET"
CVS,"CVS Corp",69.5,-0.19,-0.27%,63.75%,13621,43.6%,56.4%,0.77195264732666,"09:04 ET"
REPL,"Replimune Group Inc",15.79,-1.32,-7.71%,100.00%,13482,83.2%,16.8%,4.9628482972136,2023-10-02
GEO,"Geo Group Inc",8.47,-0.13,-1.51%,56.59%,13452,17.4%,82.6%,0.21123716909778,"09:09 ET"
LYFT,"Lyft Inc Cl A",10.36,-0.15,-1.43%,22.45%,13423,13.0%,87.0%,0.15001713502399,"09:07 ET"
FDX,"Fedex Corp",265.23,0.12,+0.04%,13.39%,13412,55.0%,45.0%,1.2227378190255,"09:06 ET"
AG,"First Majestic Silver",4.96,0.01,+0.20%,30.61%,13401,14.0%,86.0%,0.16287747309962,"09:06 ET"
FTCH,"Farfetch Ltd Cl A",1.99,-0.07,-3.40%,17.33%,13310,1.6%,98.4%,0.016263266396885,"09:09 ET"
RKT,"Rocket Companies Inc Cl A",7.9,-0.09,-1.13%,25.27%,13252,12.6%,87.4%,0.14369552084232,"09:01 ET"
BP,"BP Plc ADR",37.36,-0.46,-1.22%,35.88%,13234,46.4%,53.6%,0.8668359430103,"09:09 ET"
HOOD,"Robinhood Markets Inc Cl A",9.62,-0.11,-1.13%,22.88%,13163,24.9%,75.1%,0.3324223099504,"09:09 ET"
Z,"Zillow Group Cl C",45.64,-0.52,-1.13%,26.29%,13144,91.8%,8.2%,11.226976744186,2023-10-02
DASH,"Doordash Inc Cl A",78.75,-0.69,-0.87%,25.80%,13069,24.5%,75.5%,0.32438184029185,"09:09 ET"
TAL,"Tal Education Group ADR",8.77,-0.35,-3.84%,21.71%,13061,13.8%,86.2%,0.16015278024516,"09:09 ET"
CPRI,"Capri Holdings Ltd",52.11,-0.33,-0.63%,18.32%,13043,41.9%,58.1%,0.72071240105541,"09:06 ET"
MVIS,Microvision,2.1,0,0.00%,14.19%,12995,46.0%,54.0%,0.85298730928276,"09:06 ET"
DFS,"Discover Financial Services",90,-0.83,-0.91%,56.69%,12887,37.1%,62.9%,0.58981001727116,"09:07 ET"
ABT,"Abbott Laboratories",94.95,-0.78,-0.82%,68.05%,12799,38.7%,61.3%,0.63169301376849,"09:03 ET"
ABBV,"Abbvie Inc",148.25,-0.81,-0.54%,53.92%,12773,34.4%,65.6%,0.52495224450812,2023-10-02
ALB,"Albemarle Corp",160.63,-1.78,-1.10%,40.89%,12757,47.9%,52.1%,0.91805743497218,"09:09 ET"
BILI,"Bilibili Inc ADR",13.22,-0.41,-3.01%,7.30%,12728,32.5%,67.5%,0.4824132308409,"09:05 ET"
EXPE,"Expedia Group Inc",102.05,-1.02,-0.99%,38.60%,12614,66.7%,33.3%,2.0011896264573,2023-10-02
AXP,"American Express Company",148.47,-1.01,-0.68%,30.75%,12596,44.1%,55.9%,0.78869639307015,"09:05 ET"
SEDG,"Solaredge Tech",120.75,-1.81,-1.48%,67.11%,12466,48.1%,51.9%,0.92644104466079,"09:08 ET"
STNG,"Scorpio Tankers Inc",51.7,0.27,+0.52%,24.74%,12440,17.3%,82.7%,0.20941084969862,"08:31 ET"
TWLO,Twilio,56.99,-0.85,-1.47%,21.56%,12362,35.6%,64.4%,0.55262496860085,"09:08 ET"
NET,"Cloudflare Inc Cl A",61.29,-1.22,-1.95%,33.70%,12188,59.9%,40.1%,1.4960065533484,"09:07 ET"
DOCU,"Docusign Inc",41.22,-0.51,-1.22%,7.68%,12182,34.2%,65.8%,0.52008984277514,"09:04 ET"
BIDU,"Baidu Inc ADR",130.52,-2.53,-1.90%,6.09%,12007,37.8%,62.2%,0.60800857104594,"09:09 ET"
ENVX,"Enovix Corp",10.1,-1.71,-14.48%,57.11%,11961,42.0%,58.0%,0.72299049265341,"09:09 ET"
JBLU,"Jetblue Airways Cp",4.63,-0.01,-0.22%,61.48%,11831,18.9%,81.1%,0.23316656243486,"09:08 ET"
ALLY,"Ally Financial",25.5,-0.16,-0.62%,22.87%,11795,49.7%,50.3%,0.98669361630453,"09:09 ET"
EOSE,"Eos Energy Enterprises Inc",2.17,-0.05,-2.25%,10.12%,11585,10.9%,89.1%,0.1221425803952,"09:06 ET"
LOW,"Lowe's Companies",204.12,-1.62,-0.79%,24.35%,11579,77.0%,23.0%,3.3399550224888,"09:04 ET"
NCLH,"Norwegian Cruise Ord",16.3,-0.14,-0.85%,17.58%,11568,41.3%,58.7%,0.70343101163304,"09:08 ET"
KR,"Kroger Company",43.8,-0.23,-0.52%,19.98%,11538,35.0%,65.0%,0.5390156062425,"09:08 ET"
PG,"Procter & Gamble Company",145.18,-0.01,-0.01%,44.65%,11428,41.4%,58.6%,0.70720047804004,"09:08 ET"
VLO,"Valero Energy Corp",134.85,-3.24,-2.35%,26.53%,11395,46.9%,53.1%,0.88378244337907,"09:09 ET"
GIS,"General Mills",62.39,-0.19,-0.30%,63.20%,11312,39.1%,60.9%,0.64156145697286,"09:08 ET"
FSLR,"First Solar Inc",155,-1.34,-0.86%,44.22%,11302,58.1%,41.9%,1.3858982478362,"09:09 ET"
UUUU,"Energy Fuels Inc",7.51,-0.16,-2.09%,52.03%,10743,37.1%,62.9%,0.5906129700918,"09:08 ET"
DE,"Deere & Company",372.06,-1.78,-0.48%,33.02%,10529,52.5%,47.5%,1.1062212442488,"09:08 ET"
GILD,"Gilead Sciences Inc",74.1,0,0.00%,65.46%,10316,24.4%,75.6%,0.32205561963347,"08:51 ET"
BTU,"Peabody Energy Corp",25.23,-0.13,-0.51%,41.20%,10293,35.7%,64.3%,0.55483383685801,"08:41 ET"
HUT,"Hut 8 Mining Corp",1.97,-0.03,-1.50%,16.78%,10281,27.3%,72.7%,0.375016717935,"09:06 ET"
LVS,"Las Vegas Sands",45.02,-0.68,-1.49%,26.22%,10056,52.3%,47.7%,1.0980596703526,"09:05 ET"
KHC,"Kraft Heinz Company",32.99,-0.1,-0.30%,43.77%,10056,39.2%,60.8%,0.64394310936734,"09:08 ET"
BE,"Bloom Energy Corp Cl A",12,-0.19,-1.56%,33.10%,9962,80.6%,19.4%,4.1456611570248,"09:09 ET"
W,"Wayfair Inc",61.5,-1,-1.60%,35.80%,9952,43.8%,56.2%,0.77841315225161,"09:08 ET"
CART,"Maplebear Inc [Instacart]",27.2,0.24,+0.89%,40.23%,9885,53.4%,46.6%,1.1461137646548,"09:09 ET"
TEVA,"Teva Pharmaceutical Industries ADR",9.96,-0.05,-0.50%,3.89%,9880,21.0%,79.0%,0.26634196359908,"08:48 ET"
FNGR,"Fingermotion Inc",7.17,0.17,+2.43%,45.79%,9778,10.8%,89.2%,0.12158752007341,"09:09 ET"
DISH,"Dish Network Corp",5.53,-0.06,-1.07%,21.83%,9729,23.6%,76.4%,0.30906889128095,"09:04 ET"
LI,"Li Auto Inc ADR",34.14,-1.05,-2.98%,8.50%,9712,52.7%,47.3%,1.1140618197649,"09:09 ET"
RCL,"Royal Caribbean Cruises Ltd",91,-0.7,-0.76%,23.48%,9697,63.4%,36.6%,1.7315492957746,"09:02 ET"
KGC,"Kinross Gold Corp",4.37,0.01,+0.23%,7.63%,9680,53.3%,46.7%,1.141592920354,"09:08 ET"
QS,"Quantumscape Corp",6.38,-0.1,-1.54%,32.31%,9548,34.1%,65.9%,0.51820639211321,"09:06 ET"
IONQ,"Ionq Inc",14.56,-0.25,-1.69%,19.83%,9485,53.8%,46.2%,1.1655251141553,"09:09 ET"
DLR,"Digital Realty Trust",117.5,-0.72,-0.61%,53.39%,9462,80.6%,19.4%,4.1676679410158,"08:51 ET"
DWAC,"Digital World Acquisition Corp Cl A",15.31,-0.12,-0.78%,39.63%,9457,57.8%,42.2%,1.3683946907087,"09:07 ET"
BX,"Blackstone Inc",105.91,-1.25,-1.17%,28.29%,9404,57.3%,42.7%,1.3393034825871,"09:08 ET"
HE,"Hawaiian Electric Industries",11.84,-0.11,-0.91%,31.79%,9335,34.2%,65.8%,0.52035830618893,"09:09 ET"
KMX,"Carmax Inc",69.74,-0.99,-1.40%,6.08%,9315,75.6%,24.4%,3.0963060686016,2023-10-02
IMVT,"Immunovant Inc",34.8,0.16,+0.46%,13.21%,9153,78.8%,21.2%,3.7253484770263,"08:59 ET"
TXN,"Texas Instruments",159.37,-0.58,-0.36%,43.34%,9124,60.2%,39.8%,1.5141912372554,"08:51 ET"
OKTA,"Okta Inc Cl A",79.99,-0.73,-0.90%,12.35%,8885,46.3%,53.7%,0.86385567442836,"09:04 ET"
TUP,"Tupperware Corp",1.35,-0.05,-3.57%,50.31%,8842,3.8%,96.2%,0.039135033493948,"09:08 ET"
ASML,"Asml Holdings NY Reg ADR",573.9,-8.28,-1.42%,30.93%,8821,53.1%,46.9%,1.1327369439072,"09:09 ET"
LMT,"Lockheed Martin Corp",408.25,0.43,+0.11%,36.87%,8811,72.5%,27.5%,2.6409090909091,"09:04 ET"
MDLZ,"Mondelez Intl Inc",68.41,-0.08,-0.12%,45.96%,8755,83.8%,16.2%,5.1741889985896,"08:51 ET"
ASAN,"Asana Inc Cl A",18.21,-0.13,-0.71%,11.85%,8716,16.9%,83.1%,0.20287054926856,"09:05 ET"
VTRS,"Viatris Inc",10.07,0.02,+0.20%,18.78%,8687,31.8%,68.2%,0.46566559811034,"09:07 ET"
FANG,"Diamondback Energy",150.48,0.28,+0.19%,20.24%,8678,51.8%,48.2%,1.0731008122312,"09:08 ET"
TFC,"Truist Financial Corp",27.45,-0.18,-0.65%,23.01%,8678,44.3%,55.7%,0.79631546263714,"09:09 ET"
ASO,"Academy Sports and Outdoors Inc",45.71,-1.56,-3.31%,18.25%,8482,17.0%,83.0%,0.20534318601677,2023-10-02
CRSP,"Crispr Therapeutics Ag",42.08,-0.33,-0.78%,74.70%,8395,68.8%,31.2%,2.2078716087123,"09:09 ET"
WE,"Wework Inc",2.68,-0.27,-9.15%,50.45%,8255,91.5%,8.5%,10.74253200569,"09:09 ET"
LRCX,"Lam Research Corp",625.17,-5.71,-0.91%,33.38%,8206,48.3%,51.7%,0.93400895592741,"09:05 ET"
AEM,"Agnico-Eagle Mines Ltd",43.66,-0.13,-0.30%,30.94%,8188,12.7%,87.3%,0.14501468326108,"09:06 ET"
O,"Realty Income Corp",48.85,-0.14,-0.29%,56.68%,8180,35.6%,64.4%,0.55336118496012,"09:09 ET"
COMM,"Commscope Holding Company",3.44,0,0.00%,58.18%,8163,2.5%,97.5%,0.025244913338357,"08:44 ET"
LAC,"Lithium Americas Corp",15.9,-0.13,-0.81%,32.47%,8124,23.0%,77.0%,0.29921637613945,"09:09 ET"
MGM,"MGM Resorts International",36.5,-0.29,-0.79%,30.45%,8057,54.3%,45.7%,1.189402173913,"08:57 ET"
D,"Dominion Energy Inc",41.7,-0.61,-1.44%,89.45%,8012,37.0%,63.0%,0.58622055038606,"09:09 ET"
TTD,"Trade Desk Inc",77.75,-0.56,-0.72%,13.51%,7969,44.5%,55.5%,0.80253336349242,"09:07 ET"
COF,"Capital One Financial Corp",95.12,-1.93,-1.99%,41.31%,7871,58.0%,42.0%,1.3801028122165,2023-10-02
MDT,"Medtronic Inc",77.45,-0.32,-0.41%,28.31%,7730,47.6%,52.4%,0.90958498023715,"09:08 ET"
SLG,"SL Green Realty Corp",35.6,-0.44,-1.22%,38.68%,7727,93.0%,7.0%,13.309259259259,"09:03 ET"
TMUS,"T-Mobile US",139.26,-0.79,-0.56%,42.46%,7670,45.8%,54.2%,0.84552454282964,2023-10-02
AKRO,"Akero Therapeutics Inc",45.78,-4.81,-9.50%,100.00%,7655,43.7%,56.3%,0.77486668212381,2023-10-02
PATH,"Uipath Inc Cl A",16.91,-0.33,-1.91%,9.14%,7655,16.3%,83.7%,0.1947869517715,"09:09 ET"
UNFI,"United Nat Foods",13.17,-0.97,-6.86%,37.39%,7647,96.3%,3.7%,26.117021276596,2023-10-02
OPEN,"Opendoor Technologies Inc",2.59,-0.07,-2.63%,7.76%,7626,28.9%,71.1%,0.40571428571429,"09:09 ET"
STZ,"Constellation Brands Inc",248.64,0,0.00%,61.01%,7585,47.3%,52.7%,0.89767325494121,"08:51 ET"
GPS,"Gap Inc",10.56,-0.21,-1.95%,19.46%,7568,33.0%,67.0%,0.49240780911063,"09:05 ET"
CLX,"Clorox Company",130.34,-0.72,-0.55%,70.59%,7522,26.4%,73.6%,0.35874277456647,2023-10-02
NVTA,"Invitae Corp",0.6503,-0.0392,-5.69%,50.50%,7473,2.3%,97.7%,0.023558416655253,"09:09 ET"
EOG,"Eog Resources",123.59,-0.07,-0.06%,59.28%,7454,77.1%,22.9%,3.3718475073314,"09:06 ET"
HSY,"Hershey Foods Corp",199.01,-1.07,-0.53%,70.68%,7347,64.1%,35.9%,1.7871775417299,2023-10-02
HPQ,"Hp Inc",26.3,0.63,+2.45%,30.46%,7225,24.2%,75.8%,0.31963470319635,"09:08 ET"
CVE,"Cenovus Energy Inc",19.92,-0.18,-0.90%,24.15%,7203,14.9%,85.1%,0.17446600358715,"09:08 ET"
ZION,"Zions Bancorp",33.25,-0.24,-0.72%,16.36%,7199,75.4%,24.6%,3.0672316384181,"09:09 ET"
SO,"Southern Company",62,-0.71,-1.13%,53.18%,7184,58.3%,41.7%,1.3962641761174,"09:09 ET"
CLSK,"Cleanspark Inc",3.85,-0.01,-0.26%,23.17%,7088,6.6%,93.4%,0.070533152091829,"09:09 ET"
SRCL,"Stericycle Inc",43.56,-1.15,-2.57%,48.96%,7079,99.9%,0.1%,1414.8,2023-10-02
MA,"Mastercard Inc",395.5,-0.35,-0.09%,28.14%,7035,49.7%,50.3%,0.98728813559322,"09:08 ET"
MET,"Metlife Inc",61.36,-0.33,-0.53%,31.63%,7001,52.7%,47.3%,1.1125528062764,"08:51 ET"
STWD,"Starwood Property Trust",18.74,-0.14,-0.74%,24.64%,6818,31.6%,68.4%,0.46214883122453,"09:09 ET"
HL,"Hecla Mining Company",3.66,0.04,+1.07%,17.04%,6768,11.6%,88.4%,0.13177257525084,"09:09 ET"
AR,"Antero Resources Corp",24.37,0.18,+0.74%,31.21%,6740,17.9%,82.1%,0.21858615078648,"08:51 ET"
AZN,"Astrazeneca Plc ADR",66.9,0.17,+0.25%,37.94%,6683,18.0%,82.0%,0.22019353660763,"09:07 ET"
SU,"Suncor Energy Inc",33.21,-0.29,-0.87%,23.00%,6663,46.9%,53.1%,0.88273523594236,"09:09 ET"
TOST,"Toast Inc Cl A",18,-0.32,-1.75%,29.28%,6647,26.1%,73.9%,0.35266585266585,"09:09 ET"
FUTU,"Futu Holdings Ltd ADR",55.98,-1.13,-1.98%,10.95%,6564,67.9%,32.1%,2.1168091168091,"09:09 ET"
APP,"Applovin Corp Cl A",40.11,-0.71,-1.74%,35.84%,6519,87.9%,12.1%,7.293893129771,"09:09 ET"
SABR,"Sabre Corp",4.06,-0.03,-0.73%,57.85%,6504,35.3%,64.7%,0.54562737642586,"09:08 ET"
EQT,"Eqt Corp",38.87,-0.22,-0.56%,34.22%,6445,30.8%,69.2%,0.44571556751907,"08:51 ET"
DHT,"Dht Holdings",9.91,0.13,+1.33%,6.91%,6440,93.8%,6.2%,15.221662468514,"09:07 ET"
SPR,"Spirit Aerosystems Holdings",16.83,-0.01,-0.06%,82.88%,6430,15.2%,84.8%,0.17938371239912,"09:09 ET"
ON,"On Semiconductor",92.53,-0.84,-0.90%,33.78%,6422,60.5%,39.5%,1.532334384858,"09:09 ET"
SPLK,"Splunk Inc",146.09,-0.11,-0.08%,2.03%,6413,35.1%,64.9%,0.54084574723691,"09:03 ET"
CPE,"Callon Petroleum Company",36.51,-0.32,-0.87%,31.64%,6394,22.0%,78.0%,0.28264794383149,"09:08 ET"
HES,"Hess Corp",148.57,-0.55,-0.37%,31.90%,6195,13.3%,86.7%,0.15406110283159,"09:05 ET"
WAL,"Western Alliance Bancorp",43.74,-0.79,-1.77%,7.20%,6191,73.3%,26.7%,2.7430471584039,"08:58 ET"
WYNN,"Wynn Resorts Ltd",91.6,-1.03,-1.11%,19.45%,6160,56.0%,44.0%,1.2730627306273,"08:32 ET"
DKS,"Dick's Sporting Goods Inc",106.3,-2.28,-2.10%,15.87%,6112,57.0%,43.0%,1.3239543726236,2023-10-02
ACAD,"Acadia Pharmaceutica",21.57,0.1,+0.47%,44.12%,6089,4.7%,95.3%,0.049284852662416,"08:14 ET"
MMAT,"Meta Materials Inc",0.2247,0.0004,+0.18%,50.21%,6078,2.3%,97.7%,0.023576961940047,"09:09 ET"
MNST,"Monster Beverage Cp",52.5,-0.04,-0.08%,39.60%,6061,94.0%,6.0%,15.743093922652,"09:04 ET"
DHI,"D.R. Horton",106.26,0.08,+0.08%,34.86%,5984,59.5%,40.5%,1.4676288659794,"09:04 ET"
MAR,"Marriot Int Cl A",192.25,-1.5,-0.77%,35.24%,5975,42.7%,57.3%,0.74554484370435,"09:03 ET"
DUK,"Duke Energy Corp",84.51,-0.93,-1.09%,55.13%,5968,46.8%,53.2%,0.88027725267801,"09:08 ET"
FSLY,"Fastly Inc",18.56,-0.27,-1.43%,38.08%,5833,25.2%,74.8%,0.33631156930126,"09:02 ET"
KEY,Keycorp,10.32,-0.13,-1.24%,15.17%,5755,33.5%,66.5%,0.50378886856546,"09:09 ET"
MDB,"Mongodb Inc Cl A",348.47,-0.61,-0.17%,13.06%,5682,50.7%,49.3%,1.0263908701854,"09:07 ET"
XP,"XP Inc Cl A",22.9,-0.15,-0.65%,18.49%,5651,24.0%,76.0%,0.31510356062369,2023-10-02
CAG,"Conagra Brands Inc",26.63,-0.16,-0.60%,65.28%,5532,75.6%,24.4%,3.0977777777778,"09:08 ET"
WDAY,"Workday Inc",211.8,-1.86,-0.87%,13.46%,5517,42.5%,57.5%,0.73818525519849,"09:09 ET"
JMIA,"Jumia Technologies Ag ADR",2.83,-0.03,-1.00%,40.10%,5487,6.9%,93.1%,0.074618096357227,"09:06 ET"
NTR,"Nutrien Ltd",59.18,-0.72,-1.21%,35.54%,5474,88.4%,11.6%,7.6340694006309,"09:02 ET"
RH,"Rh Common Stock",262.01,-2.35,-0.89%,23.08%,5464,20.3%,79.7%,0.25407390406243,2023-10-02
MKC,"Mccormick & Company",70.7,-4.02,-5.38%,76.59%,5459,41.6%,58.4%,0.7118218877391,"09:08 ET"
PBI,"Pitney Bowes Inc",3.51,0.02,+0.57%,61.96%,5426,24.9%,75.1%,0.33153374233129,"09:01 ET"
FCEL,"Fuelcell Energy Inc",1.17,-0.03,-2.50%,60.37%,5418,29.9%,70.1%,0.42654028436019,"09:08 ET"
ANET,"Arista Networks Inc",187.55,-0.26,-0.14%,47.47%,5400,32.9%,67.1%,0.49130074565037,"09:06 ET"
ANF,"Abercrombie & Fitch Company",58,-0.31,-0.53%,16.31%,5392,70.7%,29.3%,2.4126582278481,"09:06 ET"
OKE,"Oneok Inc",61.51,-0.34,-0.55%,34.12%,5339,27.7%,72.3%,0.38316062176166,"09:05 ET"
FL,"Footlocker Inc",18.2,-0.12,-0.66%,28.18%,5328,48.9%,51.1%,0.95810363836825,"09:06 ET"
SGML,"Sigma Lithium Corp",30.15,-0.18,-0.59%,53.39%,5296,3.0%,97.0%,0.030951917461553,"09:00 ET"
CRDO,"Credo Technology Group Holding Ltd",15.6,-0.34,-2.13%,18.33%,5292,2.1%,97.9%,0.021424435437174,"08:55 ET"
SPOT,"Spotify Technology S.A.",156.5,-1.61,-1.02%,44.02%,5292,57.1%,42.9%,1.3292253521127,"09:06 ET"
VFC,"V.F. Corp",16.5,-0.09,-0.54%,50.81%,5279,35.4%,64.6%,0.54854796127897,"09:07 ET"
RAD,"Rite Aid Corp",0.441,-0.029,-6.17%,77.05%,5269,71.4%,28.6%,2.4940318302387,"09:09 ET"
CZR,"Caesars Entertainment Inc",46.45,-0.41,-0.87%,26.64%,5252,31.6%,68.4%,0.4617311438909,"08:51 ET"
LUMN,"Lumen Technologies Inc",1.37,-0.02,-1.44%,55.01%,5242,24.9%,75.1%,0.33113255459624,"09:08 ET"
ROST,"Ross Stores Inc",114.47,1.52,+1.35%,18.03%,5241,67.0%,33.0%,2.034742327736,2023-10-02
PNC,"PNC Bank",120.01,-0.01,-0.01%,29.01%,5238,48.0%,52.0%,0.92149669845928,"09:07 ET"
ENB,"Enbridge Inc",31.91,-0.08,-0.25%,53.56%,5176,67.5%,32.5%,2.0754604872252,"09:09 ET"
FFIE,"Faraday Future Intelligent Electric Inc",1.2,0.005,+0.42%,22.44%,5107,23.5%,76.5%,0.3068065506653,"09:09 ET"
NI,"NiSource Inc",23.18,0,0.00%,48.62%,5073,12.1%,87.9%,0.13769903565822,"09:01 ET"
BTI,"British American Tobacco Industries ADR",30.46,-0.23,-0.75%,45.54%,5066,30.3%,69.7%,0.43553414565033,"09:09 ET"
WEC,"Wisconsin Energy Corp",76.99,-0.04,-0.05%,46.85%,5061,95.3%,4.7%,20.444915254237,"09:00 ET"
GOEV,"Canoo Inc",0.4494,0.0031,+0.69%,26.92%,5002,21.9%,78.1%,0.27993858751279,"09:09 ET"
AMGN,"Amgen Inc",265.96,-0.35,-0.13%,46.26%,5001,41.2%,58.8%,0.70102040816327,"09:08 ET"
LEN,"Lennar Corp",110,-1.15,-1.03%,35.09%,4997,74.8%,25.2%,2.9721780604134,"08:59 ET"
TTWO,"Take-Two Interactive",139,-1.39,-0.99%,30.16%,4969,42.2%,57.8%,0.72955099199443,2023-10-02
EPD,"Enterprise Products Partners LP",27.12,-0.08,-0.29%,34.52%,4958,56.3%,43.7%,1.2890120036934,"09:05 ET"
FTNT,"Fortinet Inc",58.1,-0.53,-0.90%,49.59%,4924,73.1%,26.9%,2.7190332326284,"09:05 ET"
MOS,"Mosaic Company",34.75,-0.27,-0.77%,56.38%,4868,54.0%,46.0%,1.1722445336903,"08:51 ET"
ZTO,"Zto Express Cayman Inc ADR",24.14,-0.03,-0.12%,35.07%,4829,98.8%,1.2%,83.719298245614,2023-10-02
DOW,"Dow Inc",51.09,-0.21,-0.41%,36.08%,4826,42.2%,57.8%,0.72974910394265,"09:07 ET"
ZIM,"Zim Integrated Shipping Services Ltd",9.84,-0.08,-0.81%,8.05%,4812,39.0%,61.0%,0.63840653728294,"09:09 ET"
TECK,"Teck Resources Ltd",40.93,-0.67,-1.61%,36.78%,4810,67.1%,32.9%,2.0404551201011,"09:06 ET"
MPLX,"Mplx LP",35,-0.13,-0.37%,22.94%,4737,65.0%,35.0%,1.857056694813,"08:57 ET"
OSTK,"Overstock.com Inc",15.29,0.25,+1.66%,76.15%,4728,27.1%,72.9%,0.37162750217581,"09:08 ET"
BG,"Bunge Ltd",106.01,-0.68,-0.64%,35.06%,4703,15.9%,84.1%,0.18972931950417,"09:04 ET"
HELE,"Helen of Troy Ltd",117.32,-0.13,-0.11%,38.09%,4676,60.0%,40.0%,1.4991982896847,"08:24 ET"
XXII,"22nd Century Group Inc",0.875,-0.0052,-0.59%,20.58%,4664,95.5%,4.5%,21.315789473684,"09:07 ET"
ACRS,"Aclaris Therapts",6.55,0.06,+0.92%,100.00%,4640,11.3%,88.7%,0.12730806608358,"08:42 ET"
MANU,"Manchester United Ltd",19.5,0.09,+0.46%,32.03%,4628,38.2%,61.8%,0.61818181818182,"08:56 ET"
RRC,"Range Resources Corp",30.31,-0.13,-0.43%,32.89%,4614,11.4%,88.6%,0.12839325018342,"09:03 ET"
BLNK,"Blink Charging Company",3,-0.04,-1.32%,45.91%,4601,66.2%,33.8%,1.9550417469493,"09:08 ET"
NOW,"Servicenow Inc",549.5,-5.73,-1.03%,36.66%,4539,36.3%,63.7%,0.5700449671394,"08:51 ET"
EL,"Estee Lauder Companies",142.19,-1.21,-0.84%,72.08%,4518,61.9%,38.1%,1.6221706326175,"08:59 ET"
PCT,"Purecycle Technologies Inc",5.26,-0.03,-0.57%,39.71%,4513,10.8%,89.2%,0.12068537372734,"08:53 ET"
CMG,"Chipotle Mexican Grill",1867.13,35.3,+1.93%,56.63%,4509,54.7%,45.3%,1.2081292850147,2023-10-02
WW,"Weight Watchers International Inc",10.79,-0.15,-1.37%,35.66%,4447,35.6%,64.4%,0.55272346368715,"09:09 ET"
JBL,"Jabil Circuit",128.85,-0.02,-0.02%,14.48%,4446,66.7%,33.3%,2.0040540540541,"08:53 ET"
BMBL,"Bumble Inc",13.9,-0.09,-0.63%,21.81%,4442,86.9%,13.1%,6.6192109777015,"09:06 ET"
BKNG,"Booking Holdings Inc",3093.76,9.81,+0.32%,30.72%,4432,70.9%,29.1%,2.4383242823894,2023-10-02
SRPT,"Sarepta Therapeutics",118.59,-2.63,-2.17%,100.00%,4430,54.7%,45.3%,1.2061752988048,2023-10-02
ULTA,"Ulta Beauty Inc",402.95,3.5,+0.88%,25.94%,4374,52.6%,47.4%,1.1089681774349,2023-10-02
AEP,"American Electric Power Company",71.25,-0.59,-0.82%,72.25%,4357,65.1%,34.9%,1.8626806833114,"09:09 ET"
CROX,"Crocs Inc",87,-0.88,-1.00%,42.45%,4326,45.1%,54.9%,0.82224094355518,"09:09 ET"
TGTX,"Tg Therapeuticscmn",8.07,-0.09,-1.10%,19.69%,4323,34.4%,65.6%,0.52433004231312,"09:06 ET"
CSIQ,"Canadian Solar Inc",23.06,-0.19,-0.82%,29.57%,4309,11.2%,88.8%,0.12594721714136,"09:08 ET"
BEKE,"Ke Holdings Inc ADR",15.18,-0.32,-2.06%,41.05%,4288,34.0%,66.0%,0.51519434628975,"09:08 ET"
TMO,"Thermo Fisher Scientific Inc",495.79,-10.38,-2.05%,42.29%,4271,43.6%,56.4%,0.77367109634551,2023-10-02
NOK,"Nokia Corp ADR",3.71,-0.01,-0.27%,27.97%,4253,5.1%,94.9%,0.054288547347546,"09:09 ET"
WDC,"Western Digital Cp",45.47,-0.16,-0.35%,31.10%,4252,37.6%,62.4%,0.6015065913371,2023-10-02
CPB,"Campbell Soup Company",39.45,-0.05,-0.13%,51.09%,4250,71.7%,28.3%,2.5387177352206,"09:01 ET"
ADM,"Archer Daniels Midland",74.2,-1.22,-1.62%,36.32%,4225,29.4%,70.6%,0.41588471849866,2023-10-02
SAVE,"Spirit Airlines Inc",16.39,-0.02,-0.12%,100.00%,4224,7.8%,92.2%,0.08502440277421,"09:06 ET"
NTRA,"Natera Inc",43.68,-0.57,-1.29%,29.63%,4216,1.3%,98.7%,0.013217976447969,2023-10-02
LNTH,"Lantheus Holdings",74.15,6.5,+9.61%,53.75%,4195,85.7%,14.3%,5.9916666666667,"09:09 ET"
WKHS,"Workhorse Grp",0.389,-0.0034,-0.87%,52.71%,4166,3.5%,96.5%,0.036576262751928,"09:09 ET"
PGY,"Pagaya Technologies Ltd Cl A",1.47,-0.05,-3.29%,18.72%,4153,5.9%,94.1%,0.062691914022518,"09:09 ET"
TH,"Target Hospitality Corp",15.8,0.04,+0.25%,62.70%,4122,14.0%,86.0%,0.16342082980525,"09:01 ET"
HTZ,"Hertz Global Holdings Inc",11.98,0.29,+2.48%,55.09%,4122,44.3%,55.7%,0.79373368146214,"09:02 ET"
CELH,"Celsius Holdings Inc",172.3,-1.7,-0.98%,16.34%,4088,31.6%,68.4%,0.46261180679785,"09:06 ET"
HZNP,"Horizon Therapeutics",116.25,0.32,+0.28%,2.47%,4063,88.3%,11.7%,7.5717299578059,"08:56 ET"
NOVA,"Sunnova Energy International",9.55,-0.13,-1.34%,80.13%,4063,61.3%,38.7%,1.5813214739517,"09:09 ET"
JWN,Nordstrom,15,-0.11,-0.73%,10.31%,4053,24.8%,75.2%,0.32928829124303,"09:03 ET"
IMPP,"Imperial Petroleum Inc",1.64,0,0.00%,5.32%,4048,2.5%,97.5%,0.026108998732573,"09:07 ET"
ABR,"Arbor Realty Trust",14.34,-0.07,-0.49%,38.60%,4041,54.7%,45.3%,1.2057860262009,"09:08 ET"
MAXN,"Maxeon Solar Tech Ltd",10.51,-0.22,-2.07%,51.82%,4037,85.5%,14.5%,5.8890784982935,"09:09 ET"
MT,"Arcelormittal ADR",23.89,-0.79,-3.20%,14.07%,4023,92.6%,7.4%,12.5,"09:07 ET"
AYX,"Alteryx Inc",36,-0.83,-2.25%,44.43%,4004,54.9%,45.1%,1.2158273381295,"08:50 ET"
ALTO,"Alto Ingredients Inc",4.2,-0.22,-4.98%,60.38%,3999,3.2%,96.8%,0.03279958677686,2023-10-02
BCLI,"Brainstorm Cell",0.1931,-0.0066,-3.30%,0.00%,3982,93.6%,6.4%,14.677165354331,"09:00 ET"
AAOI,"Applied Optoelect",11.25,-0.02,-0.18%,7.47%,3963,13.1%,86.9%,0.15103107754865,"09:01 ET"
MPC,"Marathon Petroleum Corp",147.55,-2.47,-1.65%,38.47%,3946,52.0%,48.0%,1.081223628692,"09:08 ET"
DBRG,"Digitalbridge Group Inc",16.85,-0.73,-4.15%,31.32%,3939,8.9%,91.1%,0.097520200612984,2023-10-02
ACN,"Accenture Plc",306,-2.26,-0.73%,14.86%,3924,59.9%,40.1%,1.4945963127781,"09:03 ET"
SWN,"Southwestern Energy Company",6.14,0.02,+0.33%,28.08%,3921,57.9%,42.1%,1.3734866828087,"09:06 ET"
HON,"Honeywell International Inc",181,-1.61,-0.88%,46.61%,3910,48.6%,51.4%,0.9452736318408,"09:06 ET"
PHM,Pultegroup,72.6,-0.62,-0.85%,66.85%,3904,72.6%,27.4%,2.6485981308411,"08:51 ET"
NUE,"Nucor Corp",154.78,-1.57,-1.00%,30.58%,3859,55.5%,44.5%,1.2449098312973,2023-10-02
AUPH,"Aurinia Pharm Ord",7.31,-0.13,-1.75%,40.74%,3851,40.5%,59.5%,0.68092536010476,"09:04 ET"
DNN,"Denison Mines Corp",1.55,-0.03,-1.90%,68.16%,3810,13.5%,86.5%,0.15594660194175,"09:09 ET"
NVCR,"Novocure Ltd Ord Sh",15.59,-0.56,-3.47%,8.78%,3810,4.6%,95.4%,0.047854785478548,2023-10-02
AAP,"Advance Auto Parts Inc",54,0.06,+0.11%,41.15%,3808,44.7%,55.3%,0.80988593155894,"08:58 ET"
GNRC,"Generac Holdings Inc",105,-1.1,-1.04%,37.20%,3730,44.4%,55.6%,0.79845708775313,"09:09 ET"
MASI,"Masimo Corp",87.71,0.03,+0.03%,79.08%,3652,91.5%,8.5%,10.818770226537,2023-10-02
FE,"Firstenergy Corp",32.6,0,0.00%,71.76%,3645,73.6%,26.4%,2.792924037461,"08:51 ET"
LAZR,"Luminar Technologies Inc",4.32,-0.15,-3.36%,22.40%,3641,45.3%,54.7%,0.82689412945309,"09:09 ET"
CEG,"Constellation Energy Corp",104.73,0,0.00%,37.28%,3641,69.7%,30.3%,2.3039927404719,"08:51 ET"
LW,"Lamb Weston Holdings Inc",92.23,-0.23,-0.25%,85.71%,3635,23.3%,76.7%,0.30333452850484,2023-10-02
OLN,"Olin Corp",48.87,-1.11,-2.22%,35.46%,3628,12.6%,87.4%,0.14411857458215,2023-10-02
WSM,Williams-Sonoma,153.02,-1.19,-0.77%,13.12%,3616,60.1%,39.9%,1.5058905058905,"08:23 ET"
TJX,"TJX Companies",88.28,-0.4,-0.45%,23.14%,3588,45.7%,54.3%,0.84283513097072,"09:06 ET"
TSN,"Tyson Foods",49.24,0,0.00%,41.00%,3572,40.1%,59.9%,0.66837926202709,"09:08 ET"
OZK,"Bank Ozk",35.79,-1.28,-3.45%,23.03%,3569,80.8%,19.2%,4.2102189781022,2023-10-02
AMT,"American Tower Corp",161.71,-2.74,-1.67%,42.23%,3555,39.8%,60.2%,0.66043904717422,2023-10-02
ARRY,"Array Technologies Inc",21.11,-0.25,-1.17%,35.88%,3541,81.0%,19.0%,4.2693452380952,"09:04 ET"
SHEL,"Royal Dutch Shell Plc ADR",63.05,-0.31,-0.49%,27.87%,3524,35.9%,64.1%,0.55998229305002,"09:08 ET"
PETS,"Petmed Express Inc",11.04,0.79,+7.71%,100.00%,3512,5.8%,94.2%,0.061668681983071,2023-10-02
STX,"Seagate Technology Hldgs Plc",65.28,-0.91,-1.37%,42.72%,3485,58.9%,41.1%,1.4302649930265,"08:51 ET"
FREY,"Freyr Battery",4.61,-0.1,-2.12%,40.30%,3473,16.6%,83.4%,0.19882637210908,"09:07 ET"
FNV,"Franco Nev Corp",130.21,-3.28,-2.46%,36.24%,3465,33.1%,66.9%,0.49417852522639,2023-10-02
PXD,"Pioneer Natural Resources Company",222.57,-1.89,-0.84%,29.62%,3458,26.1%,73.9%,0.3528951486698,"09:07 ET"
UNP,"Union Pacific Corp",202.64,-0.99,-0.49%,47.13%,3400,60.0%,40.0%,1.4981631153564,2023-10-02
MELI,"Mercadolibre Inc",1244.01,-15.4,-1.22%,27.92%,3380,44.2%,55.8%,0.79310344827586,"09:09 ET"
PLCE,"Children's Place Inc",26.34,-0.69,-2.55%,52.03%,3376,5.8%,94.2%,0.061969172695816,2023-10-02
SPG,"Simon Property Group",103.87,-0.76,-0.73%,37.55%,3333,31.7%,68.3%,0.46441124780316,"09:08 ET"
DXCM,"Dexcom Inc",92.56,-1.99,-2.10%,58.37%,3287,34.6%,65.4%,0.52883720930233,"08:56 ET"
IOT,"Samsara Inc Cl A",25.15,-0.28,-1.10%,17.03%,3273,38.5%,61.5%,0.62593144560358,"09:08 ET"
ARCC,"Ares Capital Corp",19.1,-0.07,-0.36%,23.75%,3238,55.2%,44.8%,1.2315644383184,"09:09 ET"
VIPS,"Vipshop Holdings Ltd ADR",15.4,-0.53,-3.33%,12.82%,3219,0.9%,99.1%,0.0090909090909091,"09:02 ET"
LNG,"Cheniere Energy",161.9,-0.63,-0.39%,27.10%,3160,64.2%,35.8%,1.791519434629,"09:08 ET"
S,"Sentinelone Inc Cl A",16.64,-0.23,-1.36%,16.98%,3157,17.6%,82.4%,0.21423076923077,"09:06 ET"
FWRD,"Foward Air Corp",68.07,-0.67,-0.97%,95.36%,3155,0.3%,99.7%,0.0031796502384738,2023-10-02
MUX,"Mcewen Mining Inc",6.21,0.1,+1.64%,20.12%,3153,47.7%,52.3%,0.91322815533981,"09:05 ET"
KOS,"Kosmos Energy Ltd",7.65,0.01,+0.13%,15.71%,3139,5.1%,94.9%,0.053355704697987,"09:09 ET"
HA,"Hawaiian Hlds Inc",5.77,-0.02,-0.35%,100.00%,3124,67.0%,33.0%,2.0271317829457,"09:06 ET"
WOLF,"Wolfspeed Inc",37.98,-0.12,-0.31%,78.34%,3117,48.3%,51.7%,0.9360248447205,2023-10-02
GSAT,Globalstar,1.23,0.01,+0.82%,10.95%,3092,5.4%,94.6%,0.056732740943267,"09:06 ET"
APPS,"Digital Turbine",5.95,-0.06,-1.00%,38.35%,3072,19.2%,80.8%,0.23771152296535,"09:07 ET"
CLOV,"Clover Health Investments Corp",1.08,0,0.00%,32.30%,3035,62.3%,37.7%,1.655293088364,"09:06 ET"
EXC,"Exelon Corp",36.22,-0.39,-1.07%,57.57%,3029,62.8%,37.2%,1.6852836879433,"09:08 ET"
VRT,"Vertiv Holdings Llc.",38.01,-0.4,-1.04%,36.30%,3018,26.2%,73.8%,0.35457809694794,"09:06 ET"
CAVA,"Cava Group Inc",30.39,-0.61,-1.96%,24.85%,2979,57.9%,42.1%,1.3774940143655,"09:08 ET"
ADI,"Analog Devices",175.43,0.34,+0.19%,28.94%,2944,30.6%,69.4%,0.44101811062163,2023-10-02
NSC,"Norfolk Southern Corp",191.5,-5.43,-2.76%,58.76%,2931,67.2%,32.8%,2.053125,2023-10-02
INMD,"Inmode Ltd",30,-0.13,-0.43%,48.92%,2896,33.9%,66.1%,0.51306165099269,"09:02 ET"
AEO,"American Eagle Outfitters",16.5,-0.11,-0.66%,13.00%,2883,63.8%,36.2%,1.7588516746411,2023-10-02
VNO,"Vornado Realty Trust",21.78,-0.21,-0.95%,27.10%,2832,19.8%,80.2%,0.24757709251101,"08:51 ET"
NXE,"Nexgen Energy Ltd",5.74,-0.03,-0.52%,50.30%,2825,11.6%,88.4%,0.13135762915499,"09:08 ET"
NTLA,"Intellia Thera CS",29.4,-0.01,-0.03%,30.05%,2814,11.0%,89.0%,0.12380191693291,"09:06 ET"
IEP,"Icahn Enterprises",19.25,-0.23,-1.18%,33.84%,2781,53.3%,46.7%,1.1392307692308,"09:09 ET"
APLS,"Apellis Pharmaceuticals Inc",37,-0.14,-0.38%,33.02%,2755,47.4%,52.6%,0.90131124913734,"09:05 ET"
WPM,"Wheaton Precious Metals",38.97,0.02,+0.05%,27.50%,2748,21.9%,78.1%,0.27992547741034,"09:09 ET"
ALGN,"Align Technology",299.76,-5.56,-1.82%,57.59%,2735,29.3%,70.7%,0.41343669250646,2023-10-02
CNP,"Centerpoint Energy Inc",25.75,0,0.00%,60.50%,2732,96.4%,3.6%,27.164948453608,"08:51 ET"
CDLX,"Cardlytics Inc",13.12,-0.16,-1.20%,29.08%,2704,13.4%,86.6%,0.15407597097738,"09:08 ET"
PPL,"PPL Corp",22.3,-0.25,-1.11%,57.61%,2703,73.7%,26.3%,2.8016877637131,"09:09 ET"
CTRA,"Coterra Energy Inc",26.19,-0.13,-0.49%,29.35%,2666,31.9%,68.1%,0.46806167400881,"09:07 ET"
AMR,"Alpha Metallurgical Resources Inc",251.47,-8.26,-3.18%,31.99%,2659,36.3%,63.7%,0.57058476077968,2023-10-02
HIVE,"Hive Digital Technologies Ltd",3.02,-0.08,-2.47%,10.86%,2650,1.7%,98.3%,0.017274472168906,"09:07 ET"
CMA,"Comerica Inc",40.25,-1.3,-3.13%,22.30%,2639,75.7%,24.3%,3.1234375,2023-10-02
CPG,"Crescent Pt Energy",7.81,-0.07,-0.89%,21.79%,2635,12.2%,87.8%,0.13872082973207,"09:07 ET"
SMR,"Nuscale Power Corp",4.43,-0.08,-1.77%,52.63%,2624,6.1%,93.9%,0.064503042596349,"09:09 ET"
VTLE,"Vital Energy Inc",51,-0.34,-0.66%,29.60%,2624,7.9%,92.1%,0.085194375516956,"09:09 ET"
HUM,"Humana Inc",491.74,5.22,+1.07%,47.73%,2621,63.6%,36.4%,1.744502617801,2023-10-02
FRO,"Frontline Plc",17.92,-0.03,-0.17%,21.72%,2616,62.1%,37.9%,1.6370967741935,"09:09 ET"
GDOT,"Green Dot Corp",13.67,-0.26,-1.87%,66.80%,2614,0.0%,100.0%,0,2023-10-02
HBAN,"Huntington Bcshs",9.96,-0.07,-0.70%,17.11%,2589,39.3%,60.7%,0.6469465648855,"09:03 ET"
ISRG,"Intuitive Surg Inc",292,-2.98,-1.01%,53.97%,2584,54.8%,45.2%,1.2104362703165,"09:08 ET"
SAVA,"Cassava Sciences Inc",16.69,-0.11,-0.65%,13.51%,2581,25.4%,74.6%,0.34077922077922,"09:00 ET"
PSX,"Phillips 66",117,-2.02,-1.70%,28.85%,2526,43.1%,56.9%,0.75660639777469,"09:09 ET"
NRG,"NRG Energy",37.57,0,0.00%,64.65%,2521,78.8%,21.2%,3.7209737827715,"09:03 ET"
CHTR,"Charter Communications Inc",438.5,-1.32,-0.30%,39.65%,2490,80.2%,19.8%,4.0404858299595,2023-10-02
PM,"Philip Morris International Inc",91.28,-0.13,-0.14%,48.85%,2482,62.0%,38.0%,1.6348195329087,"08:57 ET"
QSR,"Restaurant Brands International",65.02,-1.6,-2.40%,51.43%,2479,71.5%,28.5%,2.5113314447592,2023-10-02
AVB,"Avalonbay Communities",168.09,-3.65,-2.13%,41.33%,2453,94.3%,5.7%,16.647482014388,2023-10-02
ACB,"Aurora Cannabis Inc",0.569,0.009,+1.61%,0.00%,108,92.6%,7.4%,12.5,"09:09 ET"
MULN,"Mullen Automotive Inc",0.4508,0.0008,+0.18%,0.00%,50,0.0%,100.0%,0,"09:09 ET"
REAL,"The Realreal Inc",1.87,-0.03,-1.58%,0.00%,27,63.0%,37.0%,1.7,"08:51 ET"
STNE,"Stoneco Ltd Cl A",10.71,0.03,+0.28%,0.00%,25,0.0%,100.0%,0,"09:00 ET"
SOUN,"Soundhound Ai Inc Cl A",1.95,-0.01,-0.51%,0.00%,18,38.9%,61.1%,0.63636363636364,"09:09 ET"
SNDL,"Sndl Inc",1.75,0,0.00%,0.00%,11,90.9%,9.1%,10,"09:08 ET"
TELL,"Tellurian Inc",1.07,0.01,+0.94%,0.00%,1,100.0%,0.0%,0,"09:06 ET"
WULF,"Terawulf Inc",1.1306,-0.0594,-4.99%,0.00%,1,0.0%,100.0%,0,"09:09 ET"
"Downloaded from Barchart.com as of 10-03-2023 08:48am CDT"
